{"cameraMode":{"drawMode":0,"name":"Shaded","section":"Shading Mode"},"sceneLighting":false,"audioPlay":false,"sceneViewState":{"m_AlwaysRefresh":false,"showFog":true,"showSkybox":false,"showFlares":true,"showImageEffects":true,"showParticleSystems":true,"showVisualEffectGraphs":true,"m_FxEnabled":true},"in2DMode":false,"pivot":{"x":28.15258026123047,"y":27.52198600769043,"z":53.383121490478519},"rotation":{"x":0.7060451507568359,"y":-0.0010622492991387845,"z":0.0010590687161311508,"w":0.7081661224365234},"size":0.6380528807640076,"orthographic":true}