{"cameraMode":{"drawMode":0,"name":"Shaded","section":"Shading Mode"},"sceneLighting":false,"audioPlay":false,"sceneViewState":{"m_AlwaysRefresh":false,"showFog":true,"showSkybox":false,"showFlares":true,"showImageEffects":true,"showParticleSystems":true,"showVisualEffectGraphs":true,"m_FxEnabled":true},"in2DMode":false,"pivot":{"x":-0.19705843925476075,"y":0.5170553922653198,"z":-5.960464477539063e-8},"rotation":{"x":-0.05933264270424843,"y":-0.03203008696436882,"z":0.0019045741064473987,"w":-0.9977286458015442},"size":1.618599534034729,"orthographic":false}